{
  "model": {
    "type": "MLP (512\u2192256\u2192128\u2192sigmoid)",
    "architecture": "4-layer neural network with batch normalization",
    "features": "1000-dim TF-IDF (title) + 4 numeric rating features"
  },
  "optimization": {
    "method": "Stratified 5-Fold K-Fold Cross-Validation",
    "objective": "Maximize per-label F1-scores with precision-recall balance",
    "balancing": "Adjusted strict K-Fold thresholds to median probability * 0.8"
  },
  "thresholds": {
    "type": "per-genre-optimized",
    "values": {
      "Action": 0.40792614221572876,
      "Adventure": 0.3494478464126587,
      "Animation": 0.3541366159915924,
      "Children": 0.3857899606227875,
      "Comedy": 0.4521092474460602,
      "Crime": 0.4049786627292633,
      "Documentary": 0.37294802069664,
      "Drama": 0.5153585076332092,
      "Fantasy": 0.4024571478366852,
      "Film-Noir": 0.6069999933242798,
      "Horror": 0.3758702576160431,
      "IMAX": 0.4390000104904175,
      "Musical": 0.372705340385437,
      "Mystery": 0.40300169587135315,
      "Romance": 0.4212625026702881,
      "Sci-Fi": 0.3673798739910126,
      "Thriller": 0.6100000143051147,
      "War": 0.2800000011920929,
      "Western": 0.21092835068702698
    }
  },
  "performance_metrics": {
    "f1_macro": 0.19271883169497692,
    "precision_macro": 0.11916029696584773,
    "recall_macro": 0.866452402656783,
    "accuracy": 0.0,
    "hamming_loss": 0.5918518076766046
  },
  "per_genre_metrics": {
    "Action": {
      "threshold": 0.40792614221572876,
      "f1": 0.3204,
      "precision": 0.2371,
      "recall": 0.494
    },
    "Adventure": {
      "threshold": 0.3494478464126587,
      "f1": 0.0816,
      "precision": 0.1933,
      "recall": 0.0517
    },
    "Animation": {
      "threshold": 0.3541366159915924,
      "f1": 0.0727,
      "precision": 0.0378,
      "recall": 0.9496
    },
    "Children": {
      "threshold": 0.3857899606227875,
      "f1": 0.0692,
      "precision": 0.0361,
      "recall": 0.8533
    },
    "Comedy": {
      "threshold": 0.4521092474460602,
      "f1": 0.0346,
      "precision": 0.7143,
      "recall": 0.0177
    },
    "Crime": {
      "threshold": 0.4049786627292633,
      "f1": 0.0275,
      "precision": 0.4248,
      "recall": 0.0142
    },
    "Documentary": {
      "threshold": 0.37294802069664,
      "f1": 0.0175,
      "precision": 0.8333,
      "recall": 0.0088
    },
    "Drama": {
      "threshold": 0.5153585076332092,
      "f1": 0.017,
      "precision": 1.0,
      "recall": 0.0086
    },
    "Fantasy": {
      "threshold": 0.4024571478366852,
      "f1": 0.0162,
      "precision": 0.0082,
      "recall": 0.6905
    },
    "Film-Noir": {
      "threshold": 0.6069999933242798,
      "f1": 0.012,
      "precision": 0.5254,
      "recall": 0.0061
    },
    "Horror": {
      "threshold": 0.3758702576160431,
      "f1": 0.0095,
      "precision": 0.5,
      "recall": 0.0048
    },
    "IMAX": {
      "threshold": 0.4390000104904175,
      "f1": 0.0068,
      "precision": 0.6667,
      "recall": 0.0034
    },
    "Musical": {
      "threshold": 0.372705340385437,
      "f1": 0.0065,
      "precision": 0.6667,
      "recall": 0.0033
    },
    "Mystery": {
      "threshold": 0.40300169587135315,
      "f1": 0.0051,
      "precision": 0.75,
      "recall": 0.0026
    },
    "Romance": {
      "threshold": 0.4212625026702881,
      "f1": 0.0049,
      "precision": 1.0,
      "recall": 0.0025
    },
    "Sci-Fi": {
      "threshold": 0.3673798739910126,
      "f1": 0.004,
      "precision": 0.6,
      "recall": 0.002
    },
    "Thriller": {
      "threshold": 0.6100000143051147,
      "f1": 0.004,
      "precision": 0.6,
      "recall": 0.002
    },
    "War": {
      "threshold": 0.2800000011920929,
      "f1": 0.0036,
      "precision": 0.5,
      "recall": 0.0018
    },
    "Western": {
      "threshold": 0.21092835068702698,
      "f1": 0.0017,
      "precision": 0.5,
      "recall": 0.0009
    }
  }
}