{
  "algorithm": "per-label-threshold-optimization",
  "method": "stratified-k-fold-cv",
  "n_splits": 5,
  "optimization_metric": "0.7*precision + 0.3*recall",
  "thresholds": {
    "Action": 0.9319999814033508,
    "Adventure": 0.9649999737739563,
    "Animation": 0.9890000224113464,
    "Children": 0.9890000224113464,
    "Comedy": 0.7839999794960022,
    "Crime": 0.925000011920929,
    "Documentary": 0.9580000042915344,
    "Drama": 0.7099999785423279,
    "Fantasy": 0.47099998593330383,
    "Film-Noir": 0.6259999871253967,
    "Horror": 0.9670000076293945,
    "IMAX": 0.8059999942779541,
    "Musical": 0.11699999868869781,
    "Mystery": 0.9599999785423279,
    "Romance": 0.9049999713897705,
    "Sci-Fi": 0.9750000238418579,
    "Thriller": 0.7450000047683716,
    "War": 0.7879999876022339,
    "Western": 0.9959999918937683
  },
  "performance": {
    "f1_macro": 0.04446828544243802,
    "precision_macro": 0.48052373757450867,
    "recall_macro": 0.16245982384968577,
    "accuracy_macro": 0.8196631578947369
  }
}