{
  "model": {
    "type": "MLP (512\u2192256\u2192128\u2192sigmoid)",
    "architecture": "4-layer neural network with batch normalization",
    "features": "1000-dim TF-IDF (title) + 4 numeric rating features"
  },
  "optimization": {
    "method": "Stratified 5-Fold K-Fold Cross-Validation",
    "objective": "Maximize per-label F1-scores with precision-recall balance",
    "balancing": "Adjusted strict K-Fold thresholds to median probability * 0.8"
  },
  "thresholds": {
    "type": "per-genre-optimized",
    "values": {
      "Action": 0.3999364674091339,
      "Adventure": 0.36195239424705505,
      "Animation": 0.3635477125644684,
      "Children": 0.35891997814178467,
      "Comedy": 0.4576674997806549,
      "Crime": 0.3914451003074646,
      "Documentary": 0.38720542192459106,
      "Drama": 0.49856945872306824,
      "Fantasy": 0.47099998593330383,
      "Film-Noir": 0.6259999871253967,
      "Horror": 0.39189350605010986,
      "IMAX": 0.15893317759037018,
      "Musical": 0.11699999868869781,
      "Mystery": 0.3804692327976227,
      "Romance": 0.41598159074783325,
      "Sci-Fi": 0.38182350993156433,
      "Thriller": 0.4308806359767914,
      "War": 0.337481290102005,
      "Western": 0.23081831634044647
    }
  },
  "performance_metrics": {
    "f1_macro": 0.19325618104648404,
    "precision_macro": 0.11763016844323983,
    "recall_macro": 0.8865260272223001,
    "accuracy": 0.0,
    "hamming_loss": 0.6140687288691528
  },
  "per_genre_metrics": {
    "Action": {
      "threshold": 0.3999364674091339,
      "f1": 0.1506,
      "precision": 0.5761,
      "recall": 0.0866
    },
    "Adventure": {
      "threshold": 0.36195239424705505,
      "f1": 0.1173,
      "precision": 0.0632,
      "recall": 0.8182
    },
    "Animation": {
      "threshold": 0.3635477125644684,
      "f1": 0.1144,
      "precision": 0.3438,
      "recall": 0.0686
    },
    "Children": {
      "threshold": 0.35891997814178467,
      "f1": 0.0985,
      "precision": 0.1985,
      "recall": 0.0655
    },
    "Comedy": {
      "threshold": 0.4576674997806549,
      "f1": 0.0771,
      "precision": 0.0407,
      "recall": 0.7333
    },
    "Crime": {
      "threshold": 0.3914451003074646,
      "f1": 0.0726,
      "precision": 0.5197,
      "recall": 0.039
    },
    "Documentary": {
      "threshold": 0.38720542192459106,
      "f1": 0.0452,
      "precision": 0.025,
      "recall": 0.2381
    },
    "Drama": {
      "threshold": 0.49856945872306824,
      "f1": 0.0388,
      "precision": 0.0198,
      "recall": 0.9713
    },
    "Fantasy": {
      "threshold": 0.47099998593330383,
      "f1": 0.0347,
      "precision": 0.8333,
      "recall": 0.0177
    },
    "Film-Noir": {
      "threshold": 0.6259999871253967,
      "f1": 0.0238,
      "precision": 1.0,
      "recall": 0.012
    },
    "Horror": {
      "threshold": 0.39189350605010986,
      "f1": 0.0226,
      "precision": 0.7778,
      "recall": 0.0115
    },
    "IMAX": {
      "threshold": 0.15893317759037018,
      "f1": 0.0209,
      "precision": 0.8571,
      "recall": 0.0106
    },
    "Musical": {
      "threshold": 0.11699999868869781,
      "f1": 0.012,
      "precision": 0.875,
      "recall": 0.006
    },
    "Mystery": {
      "threshold": 0.3804692327976227,
      "f1": 0.0057,
      "precision": 1.0,
      "recall": 0.0029
    },
    "Romance": {
      "threshold": 0.41598159074783325,
      "f1": 0.004,
      "precision": 0.75,
      "recall": 0.002
    },
    "Sci-Fi": {
      "threshold": 0.38182350993156433,
      "f1": 0.0036,
      "precision": 0.5,
      "recall": 0.0018
    },
    "Thriller": {
      "threshold": 0.4308806359767914,
      "f1": 0.0017,
      "precision": 0.5,
      "recall": 0.0009
    },
    "War": {
      "threshold": 0.337481290102005,
      "f1": 0.0013,
      "precision": 0.25,
      "recall": 0.0007
    },
    "Western": {
      "threshold": 0.23081831634044647,
      "f1": 0.0,
      "precision": 0.0,
      "recall": 0.0
    }
  }
}