{
  "algorithm": "per-label-threshold-optimization",
  "method": "stratified-k-fold-cv",
  "n_splits": 5,
  "optimization_metric": "0.7*precision + 0.3*recall",
  "thresholds": {
    "Action": 0.8899999856948853,
    "Adventure": 0.925000011920929,
    "Animation": 0.9800000190734863,
    "Children": 0.9829999804496765,
    "Comedy": 0.8119999766349792,
    "Crime": 0.9089999794960022,
    "Documentary": 0.9639999866485596,
    "Drama": 0.8479999899864197,
    "Fantasy": 0.7820000052452087,
    "Film-Noir": 0.6069999933242798,
    "Horror": 0.9660000205039978,
    "IMAX": 0.4390000104904175,
    "Musical": 0.953000009059906,
    "Mystery": 0.9539999961853027,
    "Romance": 0.9179999828338623,
    "Sci-Fi": 0.9480000138282776,
    "Thriller": 0.6100000143051147,
    "War": 0.2800000011920929,
    "Western": 0.9789999723434448
  },
  "performance": {
    "f1_macro": 0.03763362556927742,
    "precision_macro": 0.5154554289115219,
    "recall_macro": 0.16409616017739256,
    "accuracy_macro": 0.8265842105263159
  }
}